{
  "miles": 0.2591688900719502,
  "year": 0.0009558662278191276,
  "month": 0.00013029702316081818,
  "day": 0.0001258342143858294,
  "dayofweek": 6.935371757037897e-05,
  "quarter": 5.291764052981808e-05,
  "week_of_year": 0.00014404770762953446,
  "is_weekend": 1.1013312230379688e-05,
  "is_month_start": 2.3265685627561576e-05,
  "is_month_end": 1.3423174603295032e-05,
  "billings_trend_3": 0.06732433750022872,
  "billings_trend_7": 0.07182570761376558,
  "billings_trend_14": 0.06391561182792406,
  "billings_trend_30": 0.06708119867948924,
  "billings_volatility_7": 0.0028342666519572102,
  "billings_volatility_30": 0.0008234083334920176,
  "billings_momentum_1": 0.127171629263726,
  "billings_momentum_pct_1": 0.04162612066431731,
  "billings_momentum_3": 0.09321166915411547,
  "billings_momentum_pct_3": 0.042428538772725885,
  "billings_momentum_7": 0.08075278930237312,
  "billings_momentum_pct_7": 0.041963047456568474,
  "billings_rank_7": 0.007481218932258013,
  "billings_rank_30": 0.01803468674961981,
  "billings_autocorr_7": 0.0001622975628651319,
  "billings_autocorr_14": 0.00016324074443603196,
  "billings_autocorr_30": 0.00015257312976529254,
  "billings_zscore_7": 0.006129544438044946,
  "billings_is_outlier_7": 0.0006877692413727092,
  "billings_zscore_30": 0.004262573211036446,
  "billings_is_outlier_30": 0.0012728619944117748
}