{
  "miles": 0.2722823363720387,
  "year": 0.0007653928066261007,
  "month": 0.0001439839463028807,
  "day": 0.00015040511847602654,
  "dayofweek": 7.145498667107824e-05,
  "quarter": 6.751685946312924e-05,
  "week_of_year": 0.00026237059951282463,
  "is_weekend": 2.0055830879638644e-05,
  "is_month_start": 1.3855240869250435e-05,
  "is_month_end": 1.4408019866992471e-05,
  "billings_trend_3": 0.06809470929371304,
  "billings_trend_7": 0.041046613195635864,
  "billings_trend_14": 0.03764274241850641,
  "billings_trend_30": 0.04086060345298491,
  "billings_volatility_7": 0.004915278372277141,
  "billings_volatility_30": 0.0019039551089984987,
  "billings_momentum_1": 0.1364311091483766,
  "billings_momentum_pct_1": 0.055021294576655846,
  "billings_momentum_3": 0.09879444365988019,
  "billings_momentum_pct_3": 0.062076548960816505,
  "billings_momentum_7": 0.09266746477445811,
  "billings_momentum_pct_7": 0.046895810590838874,
  "billings_rank_7": 0.008164928219937882,
  "billings_rank_30": 0.019229766247419393,
  "billings_autocorr_7": 0.00017905629921028968,
  "billings_autocorr_14": 0.00018709784957477024,
  "billings_autocorr_30": 0.00016493239370448415,
  "billings_zscore_7": 0.005844602139354631,
  "billings_is_outlier_7": 0.0006260940869810915,
  "billings_zscore_30": 0.004665446035556786,
  "billings_is_outlier_30": 0.0007957233944118768
}