{
  "miles": 0.2540797576143439,
  "year": 0.0006296645534645913,
  "month": 0.00028069963597444046,
  "day": 0.00039167061368889874,
  "dayofweek": 0.0002494857730522567,
  "quarter": 0.00010956750093523354,
  "week_of_year": 0.0003419916422885134,
  "is_weekend": 3.523084214587642e-05,
  "is_month_start": 5.187806860580895e-05,
  "is_month_end": 4.225285485895894e-05,
  "billings_trend_3": 0.047281527190504685,
  "billings_trend_7": 0.058495407344449454,
  "billings_trend_14": 0.0506711561822478,
  "billings_trend_30": 0.064204300902346,
  "billings_volatility_7": 0.004481317594039635,
  "billings_volatility_30": 0.0021167040806504512,
  "billings_momentum_1": 0.1211445706607034,
  "billings_momentum_pct_1": 0.04060974068395325,
  "billings_momentum_3": 0.07809355980465107,
  "billings_momentum_pct_3": 0.04268373603357071,
  "billings_momentum_7": 0.1127682559308992,
  "billings_momentum_pct_7": 0.07696543580091735,
  "billings_rank_7": 0.007463441984717884,
  "billings_rank_30": 0.02070112679055861,
  "billings_autocorr_7": 0.0005314106185031538,
  "billings_autocorr_14": 0.00044340658641315694,
  "billings_autocorr_30": 0.0003671611391097873,
  "billings_zscore_7": 0.006598950910711548,
  "billings_is_outlier_7": 0.0007194787520736303,
  "billings_zscore_30": 0.0064073799606610025,
  "billings_is_outlier_30": 0.001039731948959765
}