{
  "miles": 0.23270874895228277,
  "year": 0.00042227676553979244,
  "month": 0.001512855316215339,
  "day": 0.0013241234883252133,
  "dayofweek": 0.0003747715956880078,
  "quarter": 0.0009879354402733329,
  "week_of_year": 0.001988732054978705,
  "is_weekend": 8.696090429364109e-05,
  "is_month_start": 4.038123963307561e-06,
  "is_month_end": 0.00032381820411859585,
  "billings_trend_3": 0.0660442941176795,
  "billings_trend_7": 0.03514606991773259,
  "billings_trend_14": 0.016295463212394567,
  "billings_trend_30": 0.012405279336822363,
  "billings_volatility_7": 0.0025905610054319126,
  "billings_volatility_30": 0.000873770619441185,
  "billings_momentum_1": 0.15903236088716102,
  "billings_momentum_pct_1": 0.08057316612318696,
  "billings_momentum_3": 0.0775746392178324,
  "billings_momentum_pct_3": 0.0733429574082863,
  "billings_momentum_7": 0.07727645120967777,
  "billings_momentum_pct_7": 0.0798635947476957,
  "billings_rank_7": 0.01767140714568596,
  "billings_rank_30": 0.036965041166363385,
  "billings_autocorr_7": 0.001298077311607421,
  "billings_autocorr_14": 0.0010526990732480353,
  "billings_autocorr_30": 0.0016173419662211203,
  "billings_zscore_7": 0.008073238970039892,
  "billings_is_outlier_7": 0.0018302610723299466,
  "billings_zscore_30": 0.01021039698394138,
  "billings_is_outlier_30": 0.0005286676615419958
}