{
  "miles": 0.28174330326778574,
  "year": 0.0010727523512560901,
  "month": 0.0001955806562984201,
  "day": 0.00020255521328872036,
  "dayofweek": 0.0001096144612039314,
  "quarter": 9.525738155177802e-05,
  "week_of_year": 0.00027120063887879436,
  "is_weekend": 4.301591874031886e-05,
  "is_month_start": 1.4150612459696082e-05,
  "is_month_end": 1.2991215936190632e-05,
  "billings_trend_3": 0.072203341515349,
  "billings_trend_7": 0.04059616720147762,
  "billings_trend_14": 0.03686423694438794,
  "billings_trend_30": 0.023740534894559167,
  "billings_volatility_7": 0.004691212353749295,
  "billings_volatility_30": 0.0012447243687207623,
  "billings_momentum_1": 0.13972183836910648,
  "billings_momentum_pct_1": 0.046610634853106084,
  "billings_momentum_3": 0.09794723183812318,
  "billings_momentum_pct_3": 0.06156535801791583,
  "billings_momentum_7": 0.09876706318557792,
  "billings_momentum_pct_7": 0.05237221387577397,
  "billings_rank_7": 0.008307107384777116,
  "billings_rank_30": 0.01845197016689282,
  "billings_autocorr_7": 0.00022762208245199353,
  "billings_autocorr_14": 0.00027227675365206,
  "billings_autocorr_30": 0.0002451830907368011,
  "billings_zscore_7": 0.00634472717361846,
  "billings_is_outlier_7": 0.0005297728037732465,
  "billings_zscore_30": 0.004861512116229425,
  "billings_is_outlier_30": 0.0006748492926211581
}