{
  "miles": 0.25077447583945456,
  "year": 0.0004747832593579417,
  "month": 7.719794462046885e-05,
  "day": 7.127140883746143e-05,
  "dayofweek": 5.662320905420671e-05,
  "quarter": 4.964120034092102e-05,
  "week_of_year": 0.00011377284166998202,
  "is_weekend": 9.39421951983199e-06,
  "is_month_start": 6.11239079884486e-06,
  "is_month_end": 1.0358519140140618e-05,
  "billings_trend_3": 0.08415223224994076,
  "billings_trend_7": 0.09034941831963732,
  "billings_trend_14": 0.0689948885574741,
  "billings_trend_30": 0.08775865016782856,
  "billings_volatility_7": 0.002086969452379505,
  "billings_volatility_30": 0.0010514298499674428,
  "billings_momentum_1": 0.100398920664953,
  "billings_momentum_pct_1": 0.043751769657248044,
  "billings_momentum_3": 0.08431154653835066,
  "billings_momentum_pct_3": 0.0425672243358325,
  "billings_momentum_7": 0.06661209655448232,
  "billings_momentum_pct_7": 0.0391295564950877,
  "billings_rank_7": 0.007511440437540162,
  "billings_rank_30": 0.01659659966168018,
  "billings_autocorr_7": 9.983311391951835e-05,
  "billings_autocorr_14": 0.00011134999518893683,
  "billings_autocorr_30": 0.00011346856027877017,
  "billings_zscore_7": 0.005688783101087606,
  "billings_is_outlier_7": 0.000626486009924576,
  "billings_zscore_30": 0.005389879971162369,
  "billings_is_outlier_30": 0.0010538254732418491
}