{
  "miles": 0.21896258322463988,
  "year": 0.00019629467648489695,
  "month": 0.00019534946750705972,
  "day": 0.00018312473397918099,
  "dayofweek": 0.00015499612348345232,
  "quarter": 9.747014906197212e-05,
  "week_of_year": 0.00025799911207331414,
  "is_weekend": 6.14036651479034e-05,
  "is_month_start": 1.468300653437201e-05,
  "is_month_end": 3.8808368682196085e-05,
  "billings_trend_3": 0.08318218271137073,
  "billings_trend_7": 0.11806384764899397,
  "billings_trend_14": 0.09465405481226175,
  "billings_trend_30": 0.12824219176505364,
  "billings_volatility_7": 0.0022279675877297017,
  "billings_volatility_30": 0.0012434561295661273,
  "billings_momentum_1": 0.10115193813364491,
  "billings_momentum_pct_1": 0.03134715333222844,
  "billings_momentum_3": 0.05361892309700273,
  "billings_momentum_pct_3": 0.04434197522156645,
  "billings_momentum_7": 0.0647980740925867,
  "billings_momentum_pct_7": 0.027765653708332932,
  "billings_rank_7": 0.00451917509747834,
  "billings_rank_30": 0.008678088265008113,
  "billings_autocorr_7": 0.00028748639876566637,
  "billings_autocorr_14": 0.00023233544478359056,
  "billings_autocorr_30": 0.0002429959225750967,
  "billings_zscore_7": 0.005166102034689935,
  "billings_is_outlier_7": 0.0011781704265248355,
  "billings_zscore_30": 0.007216148369968378,
  "billings_is_outlier_30": 0.0016793672722736222
}