{
  "miles": 0.23922674219804382,
  "year": 0.0004762727176951783,
  "month": 0.00018330501821308995,
  "day": 0.00022566465862984892,
  "dayofweek": 0.00017785249378407558,
  "quarter": 7.862921780234105e-05,
  "week_of_year": 0.00024195847705701137,
  "is_weekend": 4.548778012660379e-05,
  "is_month_start": 3.583192017681775e-05,
  "is_month_end": 1.5938101339356393e-05,
  "billings_trend_3": 0.08604445740533746,
  "billings_trend_7": 0.1005278809037,
  "billings_trend_14": 0.06352853976961417,
  "billings_trend_30": 0.08653271450030361,
  "billings_volatility_7": 0.0023327561573202715,
  "billings_volatility_30": 0.001312357632200371,
  "billings_momentum_1": 0.10172246578292218,
  "billings_momentum_pct_1": 0.03475383401139602,
  "billings_momentum_3": 0.07361755914612987,
  "billings_momentum_pct_3": 0.04673484321850368,
  "billings_momentum_7": 0.07855697351172806,
  "billings_momentum_pct_7": 0.04619962552952907,
  "billings_rank_7": 0.007222819248293699,
  "billings_rank_30": 0.018052861940130283,
  "billings_autocorr_7": 0.0003870073979882945,
  "billings_autocorr_14": 0.00037893308835757947,
  "billings_autocorr_30": 0.0003927653772871651,
  "billings_zscore_7": 0.005455608343765146,
  "billings_is_outlier_7": 0.0008452187971503101,
  "billings_zscore_30": 0.0037717956376577925,
  "billings_is_outlier_30": 0.0009213000178169497
}