{
  "miles": 0.25259195003973994,
  "year": 0.0009217361801092836,
  "month": 0.0002998733859182289,
  "day": 0.0002865117395921905,
  "dayofweek": 0.00016609318787040497,
  "quarter": 0.0001221984179182229,
  "week_of_year": 0.00047211353242875584,
  "is_weekend": 2.5550156589979015e-05,
  "is_month_start": 3.835243697216617e-05,
  "is_month_end": 2.7263008967039953e-05,
  "billings_trend_3": 0.09041115695784785,
  "billings_trend_7": 0.05023873892557922,
  "billings_trend_14": 0.048123656668460545,
  "billings_trend_30": 0.04864207091232723,
  "billings_volatility_7": 0.00408890825749073,
  "billings_volatility_30": 0.001324204143727803,
  "billings_momentum_1": 0.1349329820622057,
  "billings_momentum_pct_1": 0.048825886077917297,
  "billings_momentum_3": 0.09287417414531701,
  "billings_momentum_pct_3": 0.06141062060774246,
  "billings_momentum_7": 0.07411336744175558,
  "billings_momentum_pct_7": 0.05058343547712485,
  "billings_rank_7": 0.007256985795025963,
  "billings_rank_30": 0.018702161626077952,
  "billings_autocorr_7": 0.00043592262328595745,
  "billings_autocorr_14": 0.0004465545622034652,
  "billings_autocorr_30": 0.0003518544948105634,
  "billings_zscore_7": 0.005556346742085187,
  "billings_is_outlier_7": 0.0007944704071229523,
  "billings_zscore_30": 0.004973767352361487,
  "billings_is_outlier_30": 0.0009610926334241398
}