{
  "miles": 0.2354663780777277,
  "year": 0.0006068212280670013,
  "month": 0.00016044597676981054,
  "day": 0.00019375560420540404,
  "dayofweek": 0.0001103468732811443,
  "quarter": 6.037201459142026e-05,
  "week_of_year": 0.0002405394809804447,
  "is_weekend": 2.5340549274187597e-05,
  "is_month_start": 2.152496344026484e-05,
  "is_month_end": 3.742491440657816e-05,
  "billings_trend_3": 0.09131216208310124,
  "billings_trend_7": 0.09866888000746843,
  "billings_trend_14": 0.08449810247967457,
  "billings_trend_30": 0.1196037787288473,
  "billings_volatility_7": 0.004599497697053965,
  "billings_volatility_30": 0.0013286235824986855,
  "billings_momentum_1": 0.10108018109334067,
  "billings_momentum_pct_1": 0.033182951851710676,
  "billings_momentum_3": 0.06091658602851708,
  "billings_momentum_pct_3": 0.043515332998604765,
  "billings_momentum_7": 0.06229845231557168,
  "billings_momentum_pct_7": 0.03305352064677643,
  "billings_rank_7": 0.005365120910791967,
  "billings_rank_30": 0.009890220448978174,
  "billings_autocorr_7": 0.00025043843442077693,
  "billings_autocorr_14": 0.0002736129137632749,
  "billings_autocorr_30": 0.00032678465098482306,
  "billings_zscore_7": 0.004383560513625437,
  "billings_is_outlier_7": 0.0010538524975912476,
  "billings_zscore_30": 0.006385972006127278,
  "billings_is_outlier_30": 0.0010894184278077471
}